{
    "loss": 2.47833251953125,
    "accuracy": 0.7843137383460999
}