{
    "loss": 0.13990765810012817,
    "accuracy": 0.9803921580314636
}