{
    "loss": 0.3212950825691223,
    "accuracy": 0.8627451062202454
}